1,Wayne (NJ)
2,Astoria
3,Little Italy
4,Elmhurst
5,Concourse
6,Castle Hill
7,Bedford-Stuyvesant
8,Newark (NJ)
9,Clifton
10,Hollis
11,Edenwald
12,Central Harlem
13,Hempstead (NY)
14,Murray Hill
15,Flatbush
16,Shore Acres
17,University Heights
18,TriBeCa
19,Woodside
20,Bath Beach
21,Roosevelt Island
22,Jackson Heights
23,DUMBO
24,Tompkinsville
25,Midwood
26,Upper East Side
27,Pelham Bay
28,East Orange (NJ)
29,Norwood
30,Hamilton Heights
31,Corona
32,SoHo
33,Edison (NJ)
34,Chinatown
35,Great Kills
36,Lower East Side
37,Mott Haven
38,Ridgewood
39,Trumbull (CT)
40,Plainsboro (NJ)
41,Yonkers (NY)
42,Midtown
43,College Point
44,Brighton Beach
45,Pomona (NY)
46,Kensington
47,Homecrest
48,Tremont
49,Belmont
50,Yorkville
51,South Jamaica
52,St. Albans
53,Kingsbridge
54,East New York
55,Jamaica
56,Richmond Hill
57,Jersey City (NJ)
58,East Flatbush
59,Cambria Heights
60,Greenpoint
61,Park Hill
62,Gramercy
63,Glendale
64,Boerum Hill
65,Sheepshead Bay
66,Jamaica Hills
67,South River (NJ)
68,Crown Heights
69,East Midtown
70,Waterbury (CT)
71,East Village
72,Parkchester
73,East Harlem
74,Paterson (NJ)
75,Toms River (NJ)
76,Washington Heights
77,Lakewood (NJ)
78,Governors Island
79,Port Chester (NY)
80,Hackettstown (NJ)
81,Mt. Vernon (NY)
82,Hell's Kitchen
83,Milltown (NJ)
84,Forest Hills
85,Bensonhurst
86,Sunnyside
87,Manalapan Township (NJ)
88,Prospect Heights
89,Floral Park (NY)
90,Flushing
91,New Springville
92,Glen Rock (NJ)
93,Sunset Park
94,Bridgeport (CT)
95,South Ozone Park
96,Brooklyn Heights
97,West Village
98,Brentwood (NY)
99,Bushwick
100,Hunts Point
101,Brewster (NY)
102,Far Rockaway
103,Bay Ridge
104,Mount Hope
105,East Elmhurst
106,Elm Park
107,Borough Park
108,Whitestone
109,Williamsburg
110,Gravesend
111,Douglaston-Little Neck
112,Elizabeth (NJ)
113,Dyker Heights
114,Boonton (NJ)
115,Union City (NJ)
116,Financial District
117,Clifton (NJ)
118,Van Nest
119,Lenox Hill
120,Claremont
121,Morris Heights
122,Morrisania
123,Prospect Lefferts Gardens
124,Kew Gardens Hills
125,Hicksville (NY)
126,Perth Amboy (NJ)
127,Cypress Hills
128,Kingston (NY)
129,Park Slope
130,Fordham
131,Gowanus
132,Spring Valley (NY)
133,Ossining (NY)
134,Soundview
135,Cobble Hill
136,Larchmont (NY)
137,Chelsea
138,Queens Village
139,Kips Bay
140,Ocean Hill-Brownsville
141,Charlotte Gardens
142,Ozone Park
143,Pelham Parkway
144,Manville (NJ)
145,Hoboken (NJ)
146,Auburndale
147,Canarsie
148,White Plains (NY)
149,Upper West Side
150,Kiryas Joel (NY)
151,Fort Greene
152,Pomonok
153,Fair Lawn (NJ)
154,Utopia
155,Lincoln Square
156,Passaic (NJ)
157,New Brunswick (NJ)
158,Bellerose
159,Great Neck (NY)
160,Jamaica Estates
161,Long Island City
162,Woodlawn
163,Red Hook
164,Pearl River (NY)
165,Breezy Point
166,Middle Village
167,Gerritsen Beach
168,Silver Lake
169,Morris Park
170,Tuckahoe (NY)
171,Wakefield
172,New Rochelle (NY)
173,East Williamsburg
174,Fort Lee (NJ)
175,Suffern (NY)
176,Monticello (NY)
177,Riverdale
178,Hewlett (NY)
179,Roslyn (NY)
180,Fairview (NJ)
181,Morningside Heights
182,Howell (NJ)
183,Plainview (NY)
184,Riverhead (NY)
185,Rego Park
186,Carroll Gardens
187,NoMad
188,Palisades Park (NJ)
189,New Milford (NJ)
190,Greenwich Village
191,Highbridge
192,Terryville (CT)
193,Maspeth
194,Walpack (NJ)
195,Mahwah (NJ)
196,Flemington (NJ)
197,City Island
198,Trenton (NJ)
199,Allerton
200,Franklin Square (NY)
201,Plainfield (NJ)
202,St. George
203,Briarwood
204,Garfield (NJ)
205,Battery Park City
206,Hillsborough (NJ)
207,Williamsbridge
208,Manor Heights
209,Morristown (NJ)
210,Port Richmond
211,Jericho (NY)
212,Princeton (NJ)
213,Laurence Harbor (NJ)
214,New Haven (CT)
215,Highland Park (NJ)
216,North New Hyde Park (NY)
217,Kent (CT)
218,Red Hook (NY)
219,Westerleigh
220,Montauk (NY)
221,Melrose
222,Valley Stream (NY)
223,Flatlands
224,Eltingville
225,Murray Hill-QNS
226,Hillcrest
227,Bridgewater (NJ)
228,Linden (NJ)
229,Norwalk (CT)
230,Throgs Neck
231,Oakwood
232,Howard Beach
233,Mapleton
234,Midland Beach
235,Sea Cliff (NY)
236,North Riverdale
237,Woodland Park (NJ)
238,Kew Gardens
239,Kearny (NJ)
240,Flatiron
241,Walkill (NY)
242,Shinnecock Reservation - Southampton (NY)
243,Bayonne (NJ)
244,Fairfield (CT)
245,Stapleton
246,Grymes Hill
247,Co-op City
248,Paramus (NJ)
249,Deal (NJ)
250,Inwood
251,Bayside
252,Centereach (NY)
253,Walden (NY)
254,Haworth (NJ)
255,South Bound Brook (NJ)
256,Kerhonkson (NY)
257,Poospatuck Reservation - Mastic (NY)
258,Dover (NJ)
259,Manhattan Beach
260,Poughkeepsie (NY)
